[
    {
        "code": "AF",
        "name": "Afghanistan",
        "nationality": "Afghan"
    },
    {
        "code": "AL",
        "name": "Albania",
        "nationality": "Albanian"
    },
    {
        "code": "DZ",
        "name": "Algeria",
        "nationality": "Algerian"
    },
    {
        "code": "AS",
        "name": "American Samoa",
        "nationality": "American Samoan"
    },
    {
        "code": "AD",
        "name": "AndorrA",
        "nationality": "AndorrAan"
    },
    {
        "code": "AO",
        "name": "Angola",
        "nationality": "Angolan"
    },
    {
        "code": "AI",
        "name": "Anguilla",
        "nationality": "Anguillan"
    },
    {
        "code": "AQ",
        "name": "Antarctica",
        "nationality": "Antarctican"
    },
    {
        "code": "AG",
        "name": "Antigua and Barbuda",
        "nationality": "Antiguan"
    },
    {
        "code": "AR",
        "name": "Argentina",
        "nationality": "Argentine"
    },
    {
        "code": "AM",
        "name": "Armenia",
        "nationality": "Armenian"
    },
    {
        "code": "AW",
        "name": "Aruba",
        "nationality": "Aruban"
    },
    {
        "code": "AU",
        "name": "Australia",
        "nationality": "Australian"
    },
    {
        "code": "AT",
        "name": "Austria",
        "nationality": "Austrian"
    },
    {
        "code": "AZ",
        "name": "Azerbaijan",
        "nationality": "Azerbaijani"
    },
    {
        "code": "BS",
        "name": "Bahamas",
        "nationality": "Bahamasan"
    },
    {
        "code": "BH",
        "name": "Bahrain",
        "nationality": "Bahraini"
    },
    {
        "code": "BD",
        "name": "Bangladesh",
        "nationality": "Bangladeshi"
    },
    {
        "code": "BB",
        "name": "Barbados",
        "nationality": "Barbadian"
    },
    {
        "code": "BY",
        "name": "Belarus",
        "nationality": "Belarusian"
    },
    {
        "code": "BE",
        "name": "Belgium",
        "nationality": "Belgian"
    },
    {
        "code": "BZ",
        "name": "Belize",
        "nationality": "Belizean"
    },
    {
        "code": "BJ",
        "name": "Benin",
        "nationality": "Beninese"
    },
    {
        "code": "BM",
        "name": "Bermuda",
        "nationality": "Bermudan"
    },
    {
        "code": "BT",
        "name": "Bhutan",
        "nationality": "Bhutanese"
    },
    {
        "code": "BO",
        "name": "Bolivia",
        "nationality": "Bolivian"
    },
    {
        "code": "BA",
        "name": "Bosnia and Herzegovina",
        "nationality": "Bosnian"
    },
    {
        "code": "BW",
        "name": "Botswana",
        "nationality": "Motswana"
    },
    {
        "code": "BV",
        "name": "Bouvet Island",
        "nationality": "Bouvet Islander"
    },
    {
        "code": "BR",
        "name": "Brazil",
        "nationality": "Brazilian"
    },
    {
        "code": "IO",
        "name": "British Indian Ocean Territory",
        "nationality": "British Indian Ocean Territorian"
    },
    {
        "code": "BN",
        "name": "Brunei Darussalam",
        "nationality": "Brunei Darussalaman"
    },
    {
        "code": "BG",
        "name": "Bulgaria",
        "nationality": "Bulgarian"
    },
    {
        "code": "BF",
        "name": "Burkina Faso",
        "nationality": "Burkinabé"
    },
    {
        "code": "BI",
        "name": "Burundi",
        "nationality": "Burundian"
    },
    {
        "code": "KH",
        "name": "Cambodia",
        "nationality": "Cambodian"
    },
    {
        "code": "CM",
        "name": "Cameroon",
        "nationality": "Cameroonian"
    },
    {
        "code": "CA",
        "name": "Canada",
        "nationality": "Canadian"
    },
    {
        "code": "CV",
        "name": "Cape Verde",
        "nationality": "Cape Verdean"
    },
    {
        "code": "KY",
        "name": "Cayman Islands",
        "nationality": "Cayman Islandsan"
    },
    {
        "code": "CF",
        "name": "Central African Republic",
        "nationality": "Central African"
    },
    {
        "code": "TD",
        "name": "Chad",
        "nationality": "Chadian"
    },
    {
        "code": "CL",
        "name": "Chile",
        "nationality": "Chilean"
    },
    {
        "code": "CN",
        "name": "China",
        "nationality": "Chinese"
    },
    {
        "code": "CX",
        "name": "Christmas Island",
        "nationality": "Christmas Islander"
    },
    {
        "code": "CC",
        "name": "Cocos (Keeling) Islands",
        "nationality": "Cocos (Keeling) Islandsan"
    },
    {
        "code": "CO",
        "name": "Colombia",
        "nationality": "Colombian"
    },
    {
        "code": "KM",
        "name": "Comoros",
        "nationality": "Comoran"
    },
    {
        "code": "CG",
        "name": "Congo",
        "nationality": "Congolese"
    },
    {
        "code": "CD",
        "name": "Congo, The Democratic Republic of the",
        "nationality": "Congo, The Democratic Republic of than"
    },
    {
        "code": "CK",
        "name": "Cook Islands",
        "nationality": "Cook Islandsan"
    },
    {
        "code": "CR",
        "name": "Costa Rica",
        "nationality": "Costa Rican"
    },
    {
        "code": "CI",
        "name": "Cote D\"Ivoire",
        "nationality": "Cote D\"Ivoiran"
    },
    {
        "code": "HR",
        "name": "Croatia",
        "nationality": "Croatian"
    },
    {
        "code": "CU",
        "name": "Cuba",
        "nationality": "Cuban"
    },
    {
        "code": "CY",
        "name": "Cyprus",
        "nationality": "Cypriot"
    },
    {
        "code": "CZ",
        "name": "Czech Republic",
        "nationality": "Czech"
    },
    {
        "code": "DK",
        "name": "Denmark",
        "nationality": "Danish"
    },
    {
        "code": "DJ",
        "name": "Djibouti",
        "nationality": "Djiboutian"
    },
    {
        "code": "DM",
        "name": "Dominica",
        "nationality": "Dominican"
    },
    {
        "code": "DO",
        "name": "Dominican Republic",
        "nationality": "Dominican"
    },
    {
        "code": "EC",
        "name": "Ecuador",
        "nationality": "Ecuadorian"
    },
    {
        "code": "EG",
        "name": "Egypt",
        "nationality": "Egyptian"
    },
    {
        "code": "SV",
        "name": "El Salvador",
        "nationality": "Salvadoran"
    },
    {
        "code": "GQ",
        "name": "Equatorial Guinea",
        "nationality": "Equatorial Guinean"
    },
    {
        "code": "ER",
        "name": "Eritrea",
        "nationality": "Eritrean"
    },
    {
        "code": "EE",
        "name": "Estonia",
        "nationality": "Estonian"
    },
    {
        "code": "ET",
        "name": "Ethiopia",
        "nationality": "Ethiopian"
    },
    {
        "code": "FK",
        "name": "Falkland Islands (Malvinas)",
        "nationality": "Falkland Islands (Malvinas)an"
    },
    {
        "code": "FO",
        "name": "Faroe Islands",
        "nationality": "Faroe Islandsan"
    },
    {
        "code": "FJ",
        "name": "Fiji",
        "nationality": "Fijian"
    },
    {
        "code": "FI",
        "name": "Finland",
        "nationality": "Finnish"
    },
    {
        "code": "FR",
        "name": "France",
        "nationality": "French"
    },
    {
        "code": "GF",
        "name": "French Guiana",
        "nationality": "French Guianan"
    },
    {
        "code": "PF",
        "name": "French Polynesia",
        "nationality": "French Polynesian"
    },
    {
        "code": "TF",
        "name": "French Southern Territories",
        "nationality": "French Southern Territoriesan"
    },
    {
        "code": "GA",
        "name": "Gabon",
        "nationality": "Gabonese"
    },
    {
        "code": "GM",
        "name": "Gambia",
        "nationality": "Gambian"
    },
    {
        "code": "GE",
        "name": "Georgia",
        "nationality": "Georgian"
    },
    {
        "code": "DE",
        "name": "Germany",
        "nationality": "German"
    },
    {
        "code": "GH",
        "name": "Ghana",
        "nationality": "Ghanaian"
    },
    {
        "code": "GI",
        "name": "Gibraltar",
        "nationality": "Gibraltaran"
    },
    {
        "code": "GR",
        "name": "Greece",
        "nationality": "Greek"
    },
    {
        "code": "GL",
        "name": "Greenland",
        "nationality": "Greenlander"
    },
    {
        "code": "GD",
        "name": "Grenada",
        "nationality": "Grenadian"
    },
    {
        "code": "GP",
        "name": "Guadeloupe",
        "nationality": "Guadeloupan"
    },
    {
        "code": "GU",
        "name": "Guam",
        "nationality": "Guaman"
    },
    {
        "code": "GT",
        "name": "Guatemala",
        "nationality": "Guatemalan"
    },
    {
        "code": "GG",
        "name": "Guernsey",
        "nationality": "Guernseian"
    },
    {
        "code": "GN",
        "name": "Guinea",
        "nationality": "Guinean"
    },
    {
        "code": "GW",
        "name": "Guinea-Bissau",
        "nationality": "Guinea-Bissauan"
    },
    {
        "code": "GY",
        "name": "Guyana",
        "nationality": "Guyanese"
    },
    {
        "code": "HT",
        "name": "Haiti",
        "nationality": "Haitian"
    },
    {
        "code": "HM",
        "name": "Heard Island and Mcdonald Islands",
        "nationality": "Heard Island and Mcdonald Islandsan"
    },
    {
        "code": "VA",
        "name": "Holy See (Vatican City State)",
        "nationality": "Holy See (Vatican City State)an"
    },
    {
        "code": "HN",
        "name": "Honduras",
        "nationality": "Honduran"
    },
    {
        "code": "HK",
        "name": "Hong Kong",
        "nationality": "Hong Kongan"
    },
    {
        "code": "HU",
        "name": "Hungary",
        "nationality": "Hungarian"
    },
    {
        "code": "IS",
        "name": "Iceland",
        "nationality": "Icelandic"
    },
    {
        "code": "IN",
        "name": "India",
        "nationality": "Indian"
    },
    {
        "code": "ID",
        "name": "Indonesia",
        "nationality": "Indonesian"
    },
    {
        "code": "IR",
        "name": "Iran, Islamic Republic Of",
        "nationality": "Iran, Islamic Republic Ofan"
    },
    {
        "code": "IQ",
        "name": "Iraq",
        "nationality": "Iraqi"
    },
    {
        "code": "IE",
        "name": "Ireland",
        "nationality": "Irish"
    },
    {
        "code": "IM",
        "name": "Isle of Man",
        "nationality": "Isle of Manan"
    },
    {
        "code": "IL",
        "name": "Israel",
        "nationality": "Israeli"
    },
    {
        "code": "IT",
        "name": "Italy",
        "nationality": "Italian"
    },
    {
        "code": "JM",
        "name": "Jamaica",
        "nationality": "Jamaican"
    },
    {
        "code": "JP",
        "name": "Japan",
        "nationality": "Japanese"
    },
    {
        "code": "JE",
        "name": "Jersey",
        "nationality": "Jerseian"
    },
    {
        "code": "JO",
        "name": "Jordan",
        "nationality": "Jordanian"
    },
    {
        "code": "KZ",
        "name": "Kazakhstan",
        "nationality": "Kazakhstani"
    },
    {
        "code": "KE",
        "name": "Kenya",
        "nationality": "Kenyan"
    },
    {
        "code": "KI",
        "name": "Kiribati",
        "nationality": "I-Kiribati"
    },
    {
        "code": "KP",
        "name": "Korea, Democratic People\"S Republic of",
        "nationality": "Korea, Democratic People\"S Republic ofan"
    },
    {
        "code": "KR",
        "name": "Korea, Republic of",
        "nationality": "Korea, Republic ofan"
    },
    {
        "code": "KW",
        "name": "Kuwait",
        "nationality": "Kuwaiti"
    },
    {
        "code": "KG",
        "name": "Kyrgyzstan",
        "nationality": "Kyrgyzstani"
    },
    {
        "code": "LA",
        "name": "Lao People\"S Democratic Republic",
        "nationality": "Lao People\"S Democratic Republican"
    },
    {
        "code": "LV",
        "name": "Latvia",
        "nationality": "Latvian"
    },
    {
        "code": "LB",
        "name": "Lebanon",
        "nationality": "Lebanese"
    },
    {
        "code": "LS",
        "name": "Lesotho",
        "nationality": "Mosotho"
    },
    {
        "code": "LR",
        "name": "Liberia",
        "nationality": "Liberian"
    },
    {
        "code": "LY",
        "name": "Libyan Arab Jamahiriya",
        "nationality": "Libyan Arab Jamahiriyan"
    },
    {
        "code": "LI",
        "name": "Liechtenstein",
        "nationality": "Liechtensteiner"
    },
    {
        "code": "LT",
        "name": "Lithuania",
        "nationality": "Lithuanian"
    },
    {
        "code": "LU",
        "name": "Luxembourg",
        "nationality": "Luxembourgish"
    },
    {
        "code": "MO",
        "name": "Macao",
        "nationality": "Macaan"
    },
    {
        "code": "MK",
        "name": "Macedonia, The Former Yugoslav Republic of",
        "nationality": "Macedonia, The Former Yugoslav Republic ofan"
    },
    {
        "code": "MG",
        "name": "Madagascar",
        "nationality": "Malagasy"
    },
    {
        "code": "MW",
        "name": "Malawi",
        "nationality": "Malawian"
    },
    {
        "code": "MY",
        "name": "Malaysia",
        "nationality": "Malaysian"
    },
    {
        "code": "MV",
        "name": "Maldives",
        "nationality": "Maldivian"
    },
    {
        "code": "ML",
        "name": "Mali",
        "nationality": "Malian"
    },
    {
        "code": "MT",
        "name": "Malta",
        "nationality": "Maltese"
    },
    {
        "code": "MH",
        "name": "Marshall Islands",
        "nationality": "Marshallese"
    },
    {
        "code": "MQ",
        "name": "Martinique",
        "nationality": "Martiniquan"
    },
    {
        "code": "MR",
        "name": "Mauritania",
        "nationality": "Mauritanian"
    },
    {
        "code": "MU",
        "name": "Mauritius",
        "nationality": "Mauritian"
    },
    {
        "code": "YT",
        "name": "Mayotte",
        "nationality": "Mayottan"
    },
    {
        "code": "MX",
        "name": "Mexico",
        "nationality": "Mexican"
    },
    {
        "code": "FM",
        "name": "Micronesia, Federated States of",
        "nationality": "Micronesia, Federated States ofan"
    },
    {
        "code": "MD",
        "name": "Moldova, Republic of",
        "nationality": "Moldova, Republic ofan"
    },
    {
        "code": "MC",
        "name": "Monaco",
        "nationality": "Monégasque"
    },
    {
        "code": "MN",
        "name": "Mongolia",
        "nationality": "Mongolian"
    },
    {
        "code": "MS",
        "name": "Montserrat",
        "nationality": "Montserratan"
    },
    {
        "code": "MA",
        "name": "Morocco",
        "nationality": "Moroccan"
    },
    {
        "code": "MZ",
        "name": "Mozambique",
        "nationality": "Mozambican"
    },
    {
        "code": "MM",
        "name": "Myanmar",
        "nationality": "Burmese"
    },
    {
        "code": "NA",
        "name": "Namibia",
        "nationality": "Namibian"
    },
    {
        "code": "NR",
        "name": "Nauru",
        "nationality": "Nauruan"
    },
    {
        "code": "NP",
        "name": "Nepal",
        "nationality": "Nepalese"
    },
    {
        "code": "NL",
        "name": "Netherlands",
        "nationality": "Dutch"
    },
    {
        "code": "AN",
        "name": "Netherlands Antilles",
        "nationality": "Netherlands Antillesan"
    },
    {
        "code": "NC",
        "name": "New Caledonia",
        "nationality": "New Caledonian"
    },
    {
        "code": "NZ",
        "name": "New Zealand",
        "nationality": "New Zealander"
    },
    {
        "code": "NI",
        "name": "Nicaragua",
        "nationality": "Nicaraguan"
    },
    {
        "code": "NE",
        "name": "Niger",
        "nationality": "Nigerien"
    },
    {
        "code": "NG",
        "name": "Nigeria",
        "nationality": "Nigerian"
    },
    {
        "code": "NU",
        "name": "Niue",
        "nationality": "Niuan"
    },
    {
        "code": "NF",
        "name": "Norfolk Island",
        "nationality": "Norfolk Islander"
    },
    {
        "code": "MP",
        "name": "Northern Mariana Islands",
        "nationality": "Northern Mariana Islandsan"
    },
    {
        "code": "NO",
        "name": "Norway",
        "nationality": "Norwegian"
    },
    {
        "code": "OM",
        "name": "Oman",
        "nationality": "Omani"
    },
    {
        "code": "PK",
        "name": "Pakistan",
        "nationality": "Pakistani"
    },
    {
        "code": "PW",
        "name": "Palau",
        "nationality": "Palauan"
    },
    {
        "code": "PS",
        "name": "Palestinian Territory, Occupied",
        "nationality": "Palestinian Territory, Occupiedan"
    },
    {
        "code": "PA",
        "name": "Panama",
        "nationality": "Panamanian"
    },
    {
        "code": "PG",
        "name": "Papua New Guinea",
        "nationality": "Papua New Guinean"
    },
    {
        "code": "PY",
        "name": "Paraguay",
        "nationality": "Paraguayan"
    },
    {
        "code": "PE",
        "name": "Peru",
        "nationality": "Peruvian"
    },
    {
        "code": "PH",
        "name": "Philippines",
        "nationality": "Filipino"
    },
    {
        "code": "PN",
        "name": "Pitcairn",
        "nationality": "Pitcairnan"
    },
    {
        "code": "PL",
        "name": "Poland",
        "nationality": "Polish"
    },
    {
        "code": "PT",
        "name": "Portugal",
        "nationality": "Portuguese"
    },
    {
        "code": "PR",
        "name": "Puerto Rico",
        "nationality": "Puerto Rican"
    },
    {
        "code": "QA",
        "name": "Qatar",
        "nationality": "Qatari"
    },
    {
        "code": "RW",
        "name": "RWANDA",
        "nationality": "RWANDAan"
    },
    {
        "code": "RE",
        "name": "Reunion",
        "nationality": "Reunionan"
    },
    {
        "code": "RO",
        "name": "Romania",
        "nationality": "Romanian"
    },
    {
        "code": "RU",
        "name": "Russian Federation",
        "nationality": "Russian Federationan"
    },
    {
        "code": "SH",
        "name": "Saint Helena",
        "nationality": "Saint Helenan"
    },
    {
        "code": "KN",
        "name": "Saint Kitts and Nevis",
        "nationality": "Kittitian"
    },
    {
        "code": "LC",
        "name": "Saint Lucia",
        "nationality": "Saint Lucian"
    },
    {
        "code": "PM",
        "name": "Saint Pierre and Miquelon",
        "nationality": "Saint Pierre and Miquelonan"
    },
    {
        "code": "VC",
        "name": "Saint Vincent and the Grenadines",
        "nationality": "Saint Vincentian"
    },
    {
        "code": "WS",
        "name": "Samoa",
        "nationality": "Samoan"
    },
    {
        "code": "SM",
        "name": "San Marino",
        "nationality": "San Marinan"
    },
    {
        "code": "ST",
        "name": "Sao Tome and Principe",
        "nationality": "Sao Tome and Principan"
    },
    {
        "code": "SA",
        "name": "Saudi Arabia",
        "nationality": "Saudi"
    },
    {
        "code": "SN",
        "name": "Senegal",
        "nationality": "Senegalese"
    },
    {
        "code": "CS",
        "name": "Serbia and Montenegro",
        "nationality": "Serbia and Montenegran"
    },
    {
        "code": "SC",
        "name": "Seychelles",
        "nationality": "Seychellois"
    },
    {
        "code": "SL",
        "name": "Sierra Leone",
        "nationality": "Sierra Leonean"
    },
    {
        "code": "SG",
        "name": "Singapore",
        "nationality": "Singaporean"
    },
    {
        "code": "SK",
        "name": "Slovakia",
        "nationality": "Slovak"
    },
    {
        "code": "SI",
        "name": "Slovenia",
        "nationality": "Slovenian"
    },
    {
        "code": "SB",
        "name": "Solomon Islands",
        "nationality": "Solomon Islander"
    },
    {
        "code": "SO",
        "name": "Somalia",
        "nationality": "Somali"
    },
    {
        "code": "ZA",
        "name": "South Africa",
        "nationality": "South African"
    },
    {
        "code": "GS",
        "name": "South Georgia and the South Sandwich Islands",
        "nationality": "South Georgia and the South Sandwich Islandsan"
    },
    {
        "code": "ES",
        "name": "Spain",
        "nationality": "Spanish"
    },
    {
        "code": "LK",
        "name": "Sri Lanka",
        "nationality": "Sri Lankan"
    },
    {
        "code": "SD",
        "name": "Sudan",
        "nationality": "Sudanese"
    },
    {
        "code": "SR",
        "name": "Suriname",
        "nationality": "Surinamese"
    },
    {
        "code": "SJ",
        "name": "Svalbard and Jan Mayen",
        "nationality": "Svalbard and Jan Mayenan"
    },
    {
        "code": "SZ",
        "name": "Swaziland",
        "nationality": "Swazi"
    },
    {
        "code": "SE",
        "name": "Sweden",
        "nationality": "Swedish"
    },
    {
        "code": "CH",
        "name": "Switzerland",
        "nationality": "Swiss"
    },
    {
        "code": "SY",
        "name": "Syrian Arab Republic",
        "nationality": "Syrian Arab Republican"
    },
    {
        "code": "TW",
        "name": "Taiwan, Province of China",
        "nationality": "Taiwan, Province of Chinan"
    },
    {
        "code": "TJ",
        "name": "Tajikistan",
        "nationality": "Tajikistani"
    },
    {
        "code": "TZ",
        "name": "Tanzania, United Republic of",
        "nationality": "Tanzania, United Republic ofan"
    },
    {
        "code": "TH",
        "name": "Thailand",
        "nationality": "Thai"
    },
    {
        "code": "TL",
        "name": "Timor-Leste",
        "nationality": "Timor-Lestan"
    },
    {
        "code": "TG",
        "name": "Togo",
        "nationality": "Togolese"
    },
    {
        "code": "TK",
        "name": "Tokelau",
        "nationality": "Tokelaan"
    },
    {
        "code": "TO",
        "name": "Tonga",
        "nationality": "Tongan"
    },
    {
        "code": "TT",
        "name": "Trinidad and Tobago",
        "nationality": "Trinidadian"
    },
    {
        "code": "TN",
        "name": "Tunisia",
        "nationality": "Tunisian"
    },
    {
        "code": "TR",
        "name": "Turkey",
        "nationality": "Turkish"
    },
    {
        "code": "TM",
        "name": "Turkmenistan",
        "nationality": "Turkmen"
    },
    {
        "code": "TC",
        "name": "Turks and Caicos Islands",
        "nationality": "Turks and Caicos Islandsan"
    },
    {
        "code": "TV",
        "name": "Tuvalu",
        "nationality": "Tuvaluan"
    },
    {
        "code": "UG",
        "name": "Uganda",
        "nationality": "Ugandan"
    },
    {
        "code": "UA",
        "name": "Ukraine",
        "nationality": "Ukrainian"
    },
    {
        "code": "AE",
        "name": "United Arab Emirates",
        "nationality": "Emirati"
    },
    {
        "code": "GB",
        "name": "United Kingdom",
        "nationality": "British"
    },
    {
        "code": "US",
        "name": "United States",
        "nationality": "American"
    },
    {
        "code": "UM",
        "name": "United States Minor Outlying Islands",
        "nationality": "United States Minor Outlying Islandsan"
    },
    {
        "code": "UY",
        "name": "Uruguay",
        "nationality": "Uruguayan"
    },
    {
        "code": "UZ",
        "name": "Uzbekistan",
        "nationality": "Uzbek"
    },
    {
        "code": "VU",
        "name": "Vanuatu",
        "nationality": "Vanuatuan"
    },
    {
        "code": "VE",
        "name": "Venezuela",
        "nationality": "Venezuelan"
    },
    {
        "code": "VN",
        "name": "Viet Nam",
        "nationality": "Viet Naman"
    },
    {
        "code": "VG",
        "name": "Virgin Islands, British",
        "nationality": "Virgin Islands, Britishan"
    },
    {
        "code": "VI",
        "name": "Virgin Islands, U.S.",
        "nationality": "Virgin Islands, U.S.an"
    },
    {
        "code": "WF",
        "name": "Wallis and Futuna",
        "nationality": "Wallis and Futunan"
    },
    {
        "code": "EH",
        "name": "Western Sahara",
        "nationality": "Western Saharan"
    },
    {
        "code": "YE",
        "name": "Yemen",
        "nationality": "Yemeni"
    },
    {
        "code": "ZM",
        "name": "Zambia",
        "nationality": "Zambian"
    },
    {
        "code": "ZW",
        "name": "Zimbabwe",
        "nationality": "Zimbabwean"
    },
    {
        "code": "AX",
        "name": "Åland Islands",
        "nationality": "Åland Islandsan"
    }
]